[{"model": "foodcartapp.restaurant", "pk": 1, "fields": {"name": "Star Burger Арбат", "address": "Москва, ул. Новый Арбат, 15", "contact_phone": "+7 (967) 157-44-13"}}, {"model": "foodcartapp.restaurant", "pk": 2, "fields": {"name": "Star Burger Цветной", "address": "Москва, Цветной бульвар, 11с2", "contact_phone": "+7 (929) 949-55-36"}}, {"model": "foodcartapp.restaurant", "pk": 3, "fields": {"name": "Star Burger Европейский", "address": "Москва, пл. Киевского Вокзала, 2", "contact_phone": "+7 (929) 680-47-58"}}, {"model": "foodcartapp.productcategory", "pk": 1, "fields": {"name": "Бургер"}}, {"model": "foodcartapp.productcategory", "pk": 2, "fields": {"name": "Ролл"}}, {"model": "foodcartapp.product", "pk": 1, "fields": {"name": "Стейкхаус", "category": 1, "price": "300.00", "image": "steak_TGBcCWa.jpg", "special_status": false, "description": "Стейкхаус – это сочетание нашей фирменной, приготовленной на огне 100% говядины с ломтиками бекона и соусом «Барбекю», майонезом, листьями свежего салата, помидором и хрустящим луком на воздушной булочке, посыпанной кукурузной крошкой."}}, {"model": "foodcartapp.product", "pk": 2, "fields": {"name": "Лонг Чизбургер", "category": 1, "price": "219.00", "image": "long_chiz_hbcqj3d.jpg", "special_status": false, "description": "Лонг Чизбургер – эталон в коллекции чизбургеров! Два приготовленных на огне бифштекса с двумя ломтиками слегка расплавленного сыра, хрустящими огурчиками, рубленым луком, горчицей и кетчупом на длинной подрумяненной булочке с кунжутом."}}, {"model": "foodcartapp.product", "pk": 3, "fields": {"name": "Тройной Воппер", "category": 1, "price": "369.00", "image": "triple_vopper_7P6yp57.jpg", "special_status": false, "description": "ВОППЕР® — это вкуснейшая приготовленная на огне 100% говядина с сочными помидорами, свежим нарезанным листовым салатом, густым майонезом, хрустящими маринованными огурчиками и свежим луком на нежной булочке с кунжутом."}}, {"model": "foodcartapp.product", "pk": 4, "fields": {"name": "Беконайзер", "category": 1, "price": "319.00", "image": "beconizer_jUiK5Hm.jpg", "special_status": false, "description": "Встречай самый внушительный бургер в коллекции Бургер Кинг. Много мяса, много бекона и много сыра - все, как ты любишь, и ничего лишнего!"}}, {"model": "foodcartapp.restaurantmenuitem", "pk": 1, "fields": {"restaurant": 1, "product": 1, "availability": true}}, {"model": "foodcartapp.restaurantmenuitem", "pk": 4, "fields": {"restaurant": 1, "product": 2, "availability": true}}, {"model": "foodcartapp.restaurantmenuitem", "pk": 5, "fields": {"restaurant": 2, "product": 2, "availability": true}}, {"model": "foodcartapp.restaurantmenuitem", "pk": 6, "fields": {"restaurant": 3, "product": 2, "availability": true}}, {"model": "foodcartapp.restaurantmenuitem", "pk": 7, "fields": {"restaurant": 1, "product": 3, "availability": true}}, {"model": "foodcartapp.restaurantmenuitem", "pk": 8, "fields": {"restaurant": 2, "product": 3, "availability": true}}, {"model": "foodcartapp.restaurantmenuitem", "pk": 9, "fields": {"restaurant": 3, "product": 3, "availability": true}}, {"model": "foodcartapp.restaurantmenuitem", "pk": 10, "fields": {"restaurant": 1, "product": 4, "availability": true}}, {"model": "foodcartapp.restaurantmenuitem", "pk": 11, "fields": {"restaurant": 2, "product": 4, "availability": true}}, {"model": "foodcartapp.restaurantmenuitem", "pk": 12, "fields": {"restaurant": 3, "product": 4, "availability": true}}, {"model": "foodcartapp.restaurantmenuitem", "pk": 13, "fields": {"restaurant": 2, "product": 1, "availability": true}}, {"model": "foodcartapp.restaurantmenuitem", "pk": 14, "fields": {"restaurant": 3, "product": 1, "availability": true}}, {"model": "foodcartapp.order", "pk": 1, "fields": {"first_name": "Мистерио", "last_name": "Чиназес", "phone_number": "+79779829413", "address": "Где-то там далеко далеко есть земля", "status": "COMPLETE", "comment": "", "created_at": "2026-05-28T20:19:35.542Z", "called_at": null, "delivered_at": null, "payment_method": null, "restaurant": null}}, {"model": "foodcartapp.order", "pk": 2, "fields": {"first_name": "Иван", "last_name": "Петров", "phone_number": "+79291000000", "address": "Москва", "status": "COMPLETE", "comment": "", "created_at": "2026-05-28T20:19:35.542Z", "called_at": null, "delivered_at": null, "payment_method": null, "restaurant": null}}, {"model": "foodcartapp.order", "pk": 3, "fields": {"first_name": "Василий", "last_name": "Васильевич", "phone_number": "+79123456789", "address": "Лондон", "status": "COMPLETE", "comment": "", "created_at": "2026-05-28T20:19:35.542Z", "called_at": null, "delivered_at": null, "payment_method": null, "restaurant": null}}, {"model": "foodcartapp.order", "pk": 4, "fields": {"first_name": "Василий", "last_name": "Васильевич", "phone_number": "+79123456789", "address": "Лондон", "status": "NEW", "comment": "", "created_at": "2026-05-28T20:19:35.542Z", "called_at": null, "delivered_at": null, "payment_method": null, "restaurant": null}}, {"model": "foodcartapp.order", "pk": 5, "fields": {"first_name": "Василий", "last_name": "Васильевич", "phone_number": "+79123456789", "address": "Лондон", "status": "COOKING", "comment": "", "created_at": "2026-05-28T20:19:35.542Z", "called_at": null, "delivered_at": null, "payment_method": null, "restaurant": 1}}, {"model": "foodcartapp.order", "pk": 6, "fields": {"first_name": "Василий", "last_name": "Васильевич", "phone_number": "+79123456789", "address": "Лондон", "status": "COOKING", "comment": "Без чиназесов", "created_at": "2026-05-28T20:19:35.542Z", "called_at": null, "delivered_at": null, "payment_method": null, "restaurant": 1}}, {"model": "foodcartapp.order", "pk": 7, "fields": {"first_name": "Василий", "last_name": "Васильевич", "phone_number": "+79123456789", "address": "Лондон", "status": "COOKING", "comment": "Побыстрее", "created_at": "2026-05-28T20:19:35.542Z", "called_at": null, "delivered_at": null, "payment_method": "NON_CASH", "restaurant": 1}}, {"model": "foodcartapp.order", "pk": 8, "fields": {"first_name": "Илья", "last_name": "Каменщик", "phone_number": "+79779779797", "address": "Москва, Капотня, 3 квартал, дом 12", "status": "NEW", "comment": "", "created_at": "2026-05-31T15:38:08.879Z", "called_at": null, "delivered_at": null, "payment_method": null, "restaurant": null}}, {"model": "foodcartapp.order", "pk": 9, "fields": {"first_name": "Илья", "last_name": "Каменщик", "phone_number": "+79779779797", "address": "Дзержинский, улица Ленина, дом 18", "status": "NEW", "comment": "", "created_at": "2026-05-31T20:31:32.605Z", "called_at": null, "delivered_at": null, "payment_method": null, "restaurant": null}}, {"model": "foodcartapp.order", "pk": 10, "fields": {"first_name": "Илья", "last_name": "Каменщик", "phone_number": "+79779797977", "address": "Где-то там далеко далеко есть земля", "status": "NEW", "comment": "", "created_at": "2026-06-03T18:18:31.168Z", "called_at": null, "delivered_at": null, "payment_method": null, "restaurant": null}}, {"model": "foodcartapp.orderproduct", "pk": 1, "fields": {"order": 1, "product": 2, "amount": 1, "price": "219.00"}}, {"model": "foodcartapp.orderproduct", "pk": 2, "fields": {"order": 1, "product": 1, "amount": 1, "price": "269.00"}}, {"model": "foodcartapp.orderproduct", "pk": 3, "fields": {"order": 1, "product": 3, "amount": 1, "price": "369.00"}}, {"model": "foodcartapp.orderproduct", "pk": 4, "fields": {"order": 4, "product": 1, "amount": 1, "price": "269.00"}}, {"model": "foodcartapp.orderproduct", "pk": 5, "fields": {"order": 5, "product": 1, "amount": 1, "price": "269.00"}}, {"model": "foodcartapp.orderproduct", "pk": 6, "fields": {"order": 6, "product": 1, "amount": 1, "price": "269.00"}}, {"model": "foodcartapp.orderproduct", "pk": 7, "fields": {"order": 7, "product": 1, "amount": 1, "price": "269.00"}}, {"model": "foodcartapp.orderproduct", "pk": 16, "fields": {"order": 7, "product": 2, "amount": 1, "price": "219.00"}}, {"model": "foodcartapp.orderproduct", "pk": 17, "fields": {"order": 8, "product": 1, "amount": 1, "price": "300.00"}}, {"model": "foodcartapp.orderproduct", "pk": 18, "fields": {"order": 8, "product": 2, "amount": 1, "price": "219.00"}}, {"model": "foodcartapp.orderproduct", "pk": 19, "fields": {"order": 8, "product": 3, "amount": 1, "price": "369.00"}}, {"model": "foodcartapp.orderproduct", "pk": 20, "fields": {"order": 9, "product": 1, "amount": 1, "price": "300.00"}}, {"model": "foodcartapp.orderproduct", "pk": 21, "fields": {"order": 9, "product": 2, "amount": 1, "price": "219.00"}}, {"model": "foodcartapp.orderproduct", "pk": 22, "fields": {"order": 9, "product": 3, "amount": 1, "price": "369.00"}}, {"model": "foodcartapp.orderproduct", "pk": 23, "fields": {"order": 10, "product": 1, "amount": 1, "price": "300.00"}}, {"model": "foodcartapp.orderproduct", "pk": 24, "fields": {"order": 10, "product": 2, "amount": 1, "price": "219.00"}}, {"model": "foodcartapp.orderproduct", "pk": 25, "fields": {"order": 10, "product": 3, "amount": 1, "price": "369.00"}}, {"model": "admin.logentry", "pk": 1, "fields": {"action_time": "2026-05-27T16:12:30.307Z", "user": 1, "content_type": 2, "object_id": "1", "object_repr": "Star Burger Арбат", "action_flag": 1, "change_message": "[{\"added\": {}}]"}}, {"model": "admin.logentry", "pk": 2, "fields": {"action_time": "2026-05-27T16:12:42.683Z", "user": 1, "content_type": 2, "object_id": "2", "object_repr": "Star Burger Цветной", "action_flag": 1, "change_message": "[{\"added\": {}}]"}}, {"model": "admin.logentry", "pk": 3, "fields": {"action_time": "2026-05-27T16:12:54.422Z", "user": 1, "content_type": 2, "object_id": "3", "object_repr": "Star Burger Европейский", "action_flag": 1, "change_message": "[{\"added\": {}}]"}}, {"model": "admin.logentry", "pk": 4, "fields": {"action_time": "2026-05-27T16:13:15.727Z", "user": 1, "content_type": 4, "object_id": "1", "object_repr": "Бургер", "action_flag": 1, "change_message": "[{\"added\": {}}]"}}, {"model": "admin.logentry", "pk": 5, "fields": {"action_time": "2026-05-27T16:13:22.876Z", "user": 1, "content_type": 4, "object_id": "2", "object_repr": "Ролл", "action_flag": 1, "change_message": "[{\"added\": {}}]"}}, {"model": "admin.logentry", "pk": 6, "fields": {"action_time": "2026-05-27T16:14:03.974Z", "user": 1, "content_type": 1, "object_id": "1", "object_repr": "Стейкхаус", "action_flag": 1, "change_message": "[{\"added\": {}}, {\"added\": {\"name\": \"\\u043f\\u0443\\u043d\\u043a\\u0442 \\u043c\\u0435\\u043d\\u044e \\u0440\\u0435\\u0441\\u0442\\u043e\\u0440\\u0430\\u043d\\u0430\", \"object\": \"Star Burger \\u0410\\u0440\\u0431\\u0430\\u0442 - \\u0421\\u0442\\u0435\\u0439\\u043a\\u0445\\u0430\\u0443\\u0441\"}}, {\"added\": {\"name\": \"\\u043f\\u0443\\u043d\\u043a\\u0442 \\u043c\\u0435\\u043d\\u044e \\u0440\\u0435\\u0441\\u0442\\u043e\\u0440\\u0430\\u043d\\u0430\", \"object\": \"Star Burger \\u0426\\u0432\\u0435\\u0442\\u043d\\u043e\\u0439 - \\u0421\\u0442\\u0435\\u0439\\u043a\\u0445\\u0430\\u0443\\u0441\"}}, {\"added\": {\"name\": \"\\u043f\\u0443\\u043d\\u043a\\u0442 \\u043c\\u0435\\u043d\\u044e \\u0440\\u0435\\u0441\\u0442\\u043e\\u0440\\u0430\\u043d\\u0430\", \"object\": \"Star Burger \\u0415\\u0432\\u0440\\u043e\\u043f\\u0435\\u0439\\u0441\\u043a\\u0438\\u0439 - \\u0421\\u0442\\u0435\\u0439\\u043a\\u0445\\u0430\\u0443\\u0441\"}}]"}}, {"model": "admin.logentry", "pk": 7, "fields": {"action_time": "2026-05-27T16:14:37.664Z", "user": 1, "content_type": 1, "object_id": "2", "object_repr": "Лонг Чизбургер", "action_flag": 1, "change_message": "[{\"added\": {}}, {\"added\": {\"name\": \"\\u043f\\u0443\\u043d\\u043a\\u0442 \\u043c\\u0435\\u043d\\u044e \\u0440\\u0435\\u0441\\u0442\\u043e\\u0440\\u0430\\u043d\\u0430\", \"object\": \"Star Burger \\u0410\\u0440\\u0431\\u0430\\u0442 - \\u041b\\u043e\\u043d\\u0433 \\u0427\\u0438\\u0437\\u0431\\u0443\\u0440\\u0433\\u0435\\u0440\"}}, {\"added\": {\"name\": \"\\u043f\\u0443\\u043d\\u043a\\u0442 \\u043c\\u0435\\u043d\\u044e \\u0440\\u0435\\u0441\\u0442\\u043e\\u0440\\u0430\\u043d\\u0430\", \"object\": \"Star Burger \\u0426\\u0432\\u0435\\u0442\\u043d\\u043e\\u0439 - \\u041b\\u043e\\u043d\\u0433 \\u0427\\u0438\\u0437\\u0431\\u0443\\u0440\\u0433\\u0435\\u0440\"}}, {\"added\": {\"name\": \"\\u043f\\u0443\\u043d\\u043a\\u0442 \\u043c\\u0435\\u043d\\u044e \\u0440\\u0435\\u0441\\u0442\\u043e\\u0440\\u0430\\u043d\\u0430\", \"object\": \"Star Burger \\u0415\\u0432\\u0440\\u043e\\u043f\\u0435\\u0439\\u0441\\u043a\\u0438\\u0439 - \\u041b\\u043e\\u043d\\u0433 \\u0427\\u0438\\u0437\\u0431\\u0443\\u0440\\u0433\\u0435\\u0440\"}}]"}}, {"model": "admin.logentry", "pk": 8, "fields": {"action_time": "2026-05-27T16:15:07.011Z", "user": 1, "content_type": 1, "object_id": "3", "object_repr": "Тройной Воппер", "action_flag": 1, "change_message": "[{\"added\": {}}, {\"added\": {\"name\": \"\\u043f\\u0443\\u043d\\u043a\\u0442 \\u043c\\u0435\\u043d\\u044e \\u0440\\u0435\\u0441\\u0442\\u043e\\u0440\\u0430\\u043d\\u0430\", \"object\": \"Star Burger \\u0410\\u0440\\u0431\\u0430\\u0442 - \\u0422\\u0440\\u043e\\u0439\\u043d\\u043e\\u0439 \\u0412\\u043e\\u043f\\u043f\\u0435\\u0440\"}}, {\"added\": {\"name\": \"\\u043f\\u0443\\u043d\\u043a\\u0442 \\u043c\\u0435\\u043d\\u044e \\u0440\\u0435\\u0441\\u0442\\u043e\\u0440\\u0430\\u043d\\u0430\", \"object\": \"Star Burger \\u0426\\u0432\\u0435\\u0442\\u043d\\u043e\\u0439 - \\u0422\\u0440\\u043e\\u0439\\u043d\\u043e\\u0439 \\u0412\\u043e\\u043f\\u043f\\u0435\\u0440\"}}, {\"added\": {\"name\": \"\\u043f\\u0443\\u043d\\u043a\\u0442 \\u043c\\u0435\\u043d\\u044e \\u0440\\u0435\\u0441\\u0442\\u043e\\u0440\\u0430\\u043d\\u0430\", \"object\": \"Star Burger \\u0415\\u0432\\u0440\\u043e\\u043f\\u0435\\u0439\\u0441\\u043a\\u0438\\u0439 - \\u0422\\u0440\\u043e\\u0439\\u043d\\u043e\\u0439 \\u0412\\u043e\\u043f\\u043f\\u0435\\u0440\"}}]"}}, {"model": "admin.logentry", "pk": 9, "fields": {"action_time": "2026-05-27T16:15:33.070Z", "user": 1, "content_type": 1, "object_id": "4", "object_repr": "Беконайзер", "action_flag": 1, "change_message": "[{\"added\": {}}, {\"added\": {\"name\": \"\\u043f\\u0443\\u043d\\u043a\\u0442 \\u043c\\u0435\\u043d\\u044e \\u0440\\u0435\\u0441\\u0442\\u043e\\u0440\\u0430\\u043d\\u0430\", \"object\": \"Star Burger \\u0410\\u0440\\u0431\\u0430\\u0442 - \\u0411\\u0435\\u043a\\u043e\\u043d\\u0430\\u0439\\u0437\\u0435\\u0440\"}}, {\"added\": {\"name\": \"\\u043f\\u0443\\u043d\\u043a\\u0442 \\u043c\\u0435\\u043d\\u044e \\u0440\\u0435\\u0441\\u0442\\u043e\\u0440\\u0430\\u043d\\u0430\", \"object\": \"Star Burger \\u0426\\u0432\\u0435\\u0442\\u043d\\u043e\\u0439 - \\u0411\\u0435\\u043a\\u043e\\u043d\\u0430\\u0439\\u0437\\u0435\\u0440\"}}, {\"added\": {\"name\": \"\\u043f\\u0443\\u043d\\u043a\\u0442 \\u043c\\u0435\\u043d\\u044e \\u0440\\u0435\\u0441\\u0442\\u043e\\u0440\\u0430\\u043d\\u0430\", \"object\": \"Star Burger \\u0415\\u0432\\u0440\\u043e\\u043f\\u0435\\u0439\\u0441\\u043a\\u0438\\u0439 - \\u0411\\u0435\\u043a\\u043e\\u043d\\u0430\\u0439\\u0437\\u0435\\u0440\"}}]"}}, {"model": "admin.logentry", "pk": 10, "fields": {"action_time": "2026-05-27T19:50:14.858Z", "user": 1, "content_type": 5, "object_id": "8", "object_repr": "Заказ #8 - +79779829495 - Вася", "action_flag": 2, "change_message": "[{\"changed\": {\"name\": \"\\u041f\\u0440\\u043e\\u0434\\u0443\\u043a\\u0442 \\u0432 \\u0437\\u0430\\u043a\\u0430\\u0437\\u0435\", \"object\": \"OrderProduct object (8)\", \"fields\": [\"\\u0426\\u0435\\u043d\\u0430 \\u043d\\u0430 \\u043c\\u043e\\u043c\\u0435\\u043d\\u0442 \\u0437\\u0430\\u043a\\u0430\\u0437\\u0430\"]}}, {\"changed\": {\"name\": \"\\u041f\\u0440\\u043e\\u0434\\u0443\\u043a\\u0442 \\u0432 \\u0437\\u0430\\u043a\\u0430\\u0437\\u0435\", \"object\": \"OrderProduct object (9)\", \"fields\": [\"\\u0426\\u0435\\u043d\\u0430 \\u043d\\u0430 \\u043c\\u043e\\u043c\\u0435\\u043d\\u0442 \\u0437\\u0430\\u043a\\u0430\\u0437\\u0430\"]}}, {\"changed\": {\"name\": \"\\u041f\\u0440\\u043e\\u0434\\u0443\\u043a\\u0442 \\u0432 \\u0437\\u0430\\u043a\\u0430\\u0437\\u0435\", \"object\": \"OrderProduct object (10)\", \"fields\": [\"\\u0426\\u0435\\u043d\\u0430 \\u043d\\u0430 \\u043c\\u043e\\u043c\\u0435\\u043d\\u0442 \\u0437\\u0430\\u043a\\u0430\\u0437\\u0430\"]}}, {\"changed\": {\"name\": \"\\u041f\\u0440\\u043e\\u0434\\u0443\\u043a\\u0442 \\u0432 \\u0437\\u0430\\u043a\\u0430\\u0437\\u0435\", \"object\": \"OrderProduct object (11)\", \"fields\": [\"\\u0426\\u0435\\u043d\\u0430 \\u043d\\u0430 \\u043c\\u043e\\u043c\\u0435\\u043d\\u0442 \\u0437\\u0430\\u043a\\u0430\\u0437\\u0430\"]}}]"}}, {"model": "admin.logentry", "pk": 11, "fields": {"action_time": "2026-05-27T19:50:28.081Z", "user": 1, "content_type": 5, "object_id": "8", "object_repr": "Заказ #8 - +79779829495 - Вася", "action_flag": 2, "change_message": "[{\"changed\": {\"name\": \"\\u041f\\u0440\\u043e\\u0434\\u0443\\u043a\\u0442 \\u0432 \\u0437\\u0430\\u043a\\u0430\\u0437\\u0435\", \"object\": \"OrderProduct object (8)\", \"fields\": [\"\\u0426\\u0435\\u043d\\u0430 \\u043d\\u0430 \\u043c\\u043e\\u043c\\u0435\\u043d\\u0442 \\u0437\\u0430\\u043a\\u0430\\u0437\\u0430\"]}}]"}}, {"model": "admin.logentry", "pk": 12, "fields": {"action_time": "2026-05-27T19:51:48.000Z", "user": 1, "content_type": 5, "object_id": "9", "object_repr": "Заказ #9 - +79779859496 - Мистер", "action_flag": 1, "change_message": "[{\"added\": {}}, {\"added\": {\"name\": \"\\u041f\\u0440\\u043e\\u0434\\u0443\\u043a\\u0442 \\u0432 \\u0437\\u0430\\u043a\\u0430\\u0437\\u0435\", \"object\": \"OrderProduct object (12)\"}}, {\"added\": {\"name\": \"\\u041f\\u0440\\u043e\\u0434\\u0443\\u043a\\u0442 \\u0432 \\u0437\\u0430\\u043a\\u0430\\u0437\\u0435\", \"object\": \"OrderProduct object (13)\"}}]"}}, {"model": "admin.logentry", "pk": 13, "fields": {"action_time": "2026-05-27T19:53:19.597Z", "user": 1, "content_type": 5, "object_id": "8", "object_repr": "Заказ #8 - +79779829495 - Вася", "action_flag": 2, "change_message": "[{\"changed\": {\"name\": \"\\u041f\\u0440\\u043e\\u0434\\u0443\\u043a\\u0442 \\u0432 \\u0437\\u0430\\u043a\\u0430\\u0437\\u0435\", \"object\": \"OrderProduct object (8)\", \"fields\": [\"\\u0426\\u0435\\u043d\\u0430 \\u043d\\u0430 \\u043c\\u043e\\u043c\\u0435\\u043d\\u0442 \\u0437\\u0430\\u043a\\u0430\\u0437\\u0430\"]}}]"}}, {"model": "admin.logentry", "pk": 14, "fields": {"action_time": "2026-05-27T19:53:36.620Z", "user": 1, "content_type": 5, "object_id": "8", "object_repr": "Заказ #8 - +79779829495 - Вася", "action_flag": 2, "change_message": "[{\"changed\": {\"name\": \"\\u041f\\u0440\\u043e\\u0434\\u0443\\u043a\\u0442 \\u0432 \\u0437\\u0430\\u043a\\u0430\\u0437\\u0435\", \"object\": \"OrderProduct object (8)\", \"fields\": [\"\\u0426\\u0435\\u043d\\u0430 \\u043d\\u0430 \\u043c\\u043e\\u043c\\u0435\\u043d\\u0442 \\u0437\\u0430\\u043a\\u0430\\u0437\\u0430\"]}}]"}}, {"model": "admin.logentry", "pk": 15, "fields": {"action_time": "2026-05-27T20:23:22.403Z", "user": 1, "content_type": 5, "object_id": "9", "object_repr": "Заказ #9 - +79779859496 - Мистер", "action_flag": 2, "change_message": "[{\"added\": {\"name\": \"\\u041f\\u0440\\u043e\\u0434\\u0443\\u043a\\u0442 \\u0432 \\u0437\\u0430\\u043a\\u0430\\u0437\\u0435\", \"object\": \"OrderProduct object (14)\"}}]"}}, {"model": "admin.logentry", "pk": 16, "fields": {"action_time": "2026-05-27T20:23:34.906Z", "user": 1, "content_type": 5, "object_id": "9", "object_repr": "Заказ #9 - +79779859496 - Мистер", "action_flag": 2, "change_message": "[{\"added\": {\"name\": \"\\u041f\\u0440\\u043e\\u0434\\u0443\\u043a\\u0442 \\u0432 \\u0437\\u0430\\u043a\\u0430\\u0437\\u0435\", \"object\": \"OrderProduct object (15)\"}}]"}}, {"model": "admin.logentry", "pk": 17, "fields": {"action_time": "2026-05-27T20:48:25.814Z", "user": 1, "content_type": 5, "object_id": "9", "object_repr": "Заказ #9 - +79779859496 - Мистер", "action_flag": 3, "change_message": ""}}, {"model": "admin.logentry", "pk": 18, "fields": {"action_time": "2026-05-27T20:48:34.073Z", "user": 1, "content_type": 5, "object_id": "8", "object_repr": "Заказ #8 - +79779829495 - Вася", "action_flag": 3, "change_message": ""}}, {"model": "admin.logentry", "pk": 19, "fields": {"action_time": "2026-05-27T20:48:41.441Z", "user": 1, "content_type": 5, "object_id": "7", "object_repr": "Заказ #7 - +79123456789 - Василий", "action_flag": 2, "change_message": "[{\"added\": {\"name\": \"\\u041f\\u0440\\u043e\\u0434\\u0443\\u043a\\u0442 \\u0432 \\u0437\\u0430\\u043a\\u0430\\u0437\\u0435\", \"object\": \"OrderProduct object (16)\"}}]"}}, {"model": "admin.logentry", "pk": 20, "fields": {"action_time": "2026-05-27T20:50:03.181Z", "user": 1, "content_type": 1, "object_id": "1", "object_repr": "Стейкхаус", "action_flag": 2, "change_message": "[{\"changed\": {\"fields\": [\"\\u0426\\u0435\\u043d\\u0430\"]}}]"}}, {"model": "admin.logentry", "pk": 21, "fields": {"action_time": "2026-05-27T20:50:18.905Z", "user": 1, "content_type": 5, "object_id": "1", "object_repr": "Заказ #1 - +79779829413 - Мистерио", "action_flag": 2, "change_message": "[{\"changed\": {\"fields\": [\"\\u0418\\u043c\\u044f\"]}}]"}}, {"model": "admin.logentry", "pk": 22, "fields": {"action_time": "2026-05-28T19:26:42.907Z", "user": 1, "content_type": 5, "object_id": "7", "object_repr": "Заказ #7 - +79123456789 - Василич", "action_flag": 2, "change_message": "[{\"changed\": {\"fields\": [\"\\u0418\\u043c\\u044f\"]}}]"}}, {"model": "admin.logentry", "pk": 23, "fields": {"action_time": "2026-05-28T19:26:57.283Z", "user": 1, "content_type": 5, "object_id": "7", "object_repr": "Заказ #7 - +79123456789 - Василий", "action_flag": 2, "change_message": "[{\"changed\": {\"fields\": [\"\\u0418\\u043c\\u044f\"]}}]"}}, {"model": "admin.logentry", "pk": 24, "fields": {"action_time": "2026-05-28T19:46:41.775Z", "user": 1, "content_type": 5, "object_id": "7", "object_repr": "Заказ #7 - +79123456789 - Василий", "action_flag": 2, "change_message": "[{\"changed\": {\"fields\": [\"Status\"]}}]"}}, {"model": "admin.logentry", "pk": 25, "fields": {"action_time": "2026-05-28T19:55:31.274Z", "user": 1, "content_type": 5, "object_id": "7", "object_repr": "Заказ #7 - +79123456789 - Василий", "action_flag": 2, "change_message": "[{\"changed\": {\"fields\": [\"\\u041a\\u043e\\u043c\\u043c\\u0435\\u043d\\u0442\\u0430\\u0440\\u0438\\u0439 \\u043a \\u0437\\u0430\\u043a\\u0430\\u0437\\u0443\"]}}]"}}, {"model": "admin.logentry", "pk": 26, "fields": {"action_time": "2026-05-28T19:55:39.272Z", "user": 1, "content_type": 5, "object_id": "6", "object_repr": "Заказ #6 - +79123456789 - Василий", "action_flag": 2, "change_message": "[{\"changed\": {\"fields\": [\"\\u041a\\u043e\\u043c\\u043c\\u0435\\u043d\\u0442\\u0430\\u0440\\u0438\\u0439 \\u043a \\u0437\\u0430\\u043a\\u0430\\u0437\\u0443\"]}}]"}}, {"model": "admin.logentry", "pk": 27, "fields": {"action_time": "2026-05-28T20:36:29.080Z", "user": 1, "content_type": 5, "object_id": "7", "object_repr": "Заказ #7 - +79123456789 - Василий", "action_flag": 2, "change_message": "[{\"changed\": {\"fields\": [\"\\u0421\\u043f\\u043e\\u0441\\u043e\\u0431\\u043e \\u043e\\u043f\\u043b\\u0430\\u0442\\u044b\"]}}]"}}, {"model": "admin.logentry", "pk": 28, "fields": {"action_time": "2026-05-31T12:01:01.683Z", "user": 1, "content_type": 1, "object_id": "1", "object_repr": "Стейкхаус", "action_flag": 2, "change_message": "[{\"deleted\": {\"name\": \"\\u043f\\u0443\\u043d\\u043a\\u0442 \\u043c\\u0435\\u043d\\u044e \\u0440\\u0435\\u0441\\u0442\\u043e\\u0440\\u0430\\u043d\\u0430\", \"object\": \"Star Burger \\u0426\\u0432\\u0435\\u0442\\u043d\\u043e\\u0439 - \\u0421\\u0442\\u0435\\u0439\\u043a\\u0445\\u0430\\u0443\\u0441\"}}, {\"deleted\": {\"name\": \"\\u043f\\u0443\\u043d\\u043a\\u0442 \\u043c\\u0435\\u043d\\u044e \\u0440\\u0435\\u0441\\u0442\\u043e\\u0440\\u0430\\u043d\\u0430\", \"object\": \"Star Burger \\u0415\\u0432\\u0440\\u043e\\u043f\\u0435\\u0439\\u0441\\u043a\\u0438\\u0439 - \\u0421\\u0442\\u0435\\u0439\\u043a\\u0445\\u0430\\u0443\\u0441\"}}]"}}, {"model": "admin.logentry", "pk": 29, "fields": {"action_time": "2026-05-31T12:01:44.414Z", "user": 1, "content_type": 5, "object_id": "6", "object_repr": "Заказ #6 - +79123456789 - Василий", "action_flag": 2, "change_message": "[{\"changed\": {\"fields\": [\"\\u0413\\u043e\\u0442\\u043e\\u0432\\u044f\\u0449\\u0438\\u0439 \\u0440\\u0435\\u0441\\u0442\\u043e\\u0440\\u0430\\u043d\"]}}]"}}, {"model": "admin.logentry", "pk": 30, "fields": {"action_time": "2026-05-31T12:16:05.981Z", "user": 1, "content_type": 5, "object_id": "6", "object_repr": "Заказ #6 - +79123456789 - Василий", "action_flag": 2, "change_message": "[{\"changed\": {\"fields\": [\"\\u0421\\u0442\\u0430\\u0442\\u0443\\u0441 \\u0437\\u0430\\u043a\\u0430\\u0437\\u0430\"]}}]"}}, {"model": "admin.logentry", "pk": 31, "fields": {"action_time": "2026-05-31T12:16:21.748Z", "user": 1, "content_type": 5, "object_id": "7", "object_repr": "Заказ #7 - +79123456789 - Василий", "action_flag": 2, "change_message": "[{\"changed\": {\"fields\": [\"\\u0413\\u043e\\u0442\\u043e\\u0432\\u044f\\u0449\\u0438\\u0439 \\u0440\\u0435\\u0441\\u0442\\u043e\\u0440\\u0430\\u043d\"]}}]"}}, {"model": "admin.logentry", "pk": 32, "fields": {"action_time": "2026-05-31T12:30:23.743Z", "user": 1, "content_type": 5, "object_id": "5", "object_repr": "Заказ #5 - +79123456789 - Василий", "action_flag": 2, "change_message": "[{\"changed\": {\"fields\": [\"\\u0413\\u043e\\u0442\\u043e\\u0432\\u044f\\u0449\\u0438\\u0439 \\u0440\\u0435\\u0441\\u0442\\u043e\\u0440\\u0430\\u043d\"]}}]"}}, {"model": "admin.logentry", "pk": 33, "fields": {"action_time": "2026-05-31T15:17:35.531Z", "user": 1, "content_type": 1, "object_id": "1", "object_repr": "Стейкхаус", "action_flag": 2, "change_message": "[{\"added\": {\"name\": \"\\u043f\\u0443\\u043d\\u043a\\u0442 \\u043c\\u0435\\u043d\\u044e \\u0440\\u0435\\u0441\\u0442\\u043e\\u0440\\u0430\\u043d\\u0430\", \"object\": \"Star Burger \\u0426\\u0432\\u0435\\u0442\\u043d\\u043e\\u0439 - \\u0421\\u0442\\u0435\\u0439\\u043a\\u0445\\u0430\\u0443\\u0441\"}}, {\"added\": {\"name\": \"\\u043f\\u0443\\u043d\\u043a\\u0442 \\u043c\\u0435\\u043d\\u044e \\u0440\\u0435\\u0441\\u0442\\u043e\\u0440\\u0430\\u043d\\u0430\", \"object\": \"Star Burger \\u0415\\u0432\\u0440\\u043e\\u043f\\u0435\\u0439\\u0441\\u043a\\u0438\\u0439 - \\u0421\\u0442\\u0435\\u0439\\u043a\\u0445\\u0430\\u0443\\u0441\"}}]"}}, {"model": "admin.logentry", "pk": 34, "fields": {"action_time": "2026-05-31T15:17:36.488Z", "user": 1, "content_type": 5, "object_id": "4", "object_repr": "Заказ #4 - +79123456789 - Василий", "action_flag": 2, "change_message": "[]"}}, {"model": "admin.logentry", "pk": 35, "fields": {"action_time": "2026-05-31T15:46:01.203Z", "user": 1, "content_type": 5, "object_id": "1", "object_repr": "Заказ #1 - +79779829413 - Мистерио", "action_flag": 2, "change_message": "[{\"changed\": {\"fields\": [\"\\u0421\\u0442\\u0430\\u0442\\u0443\\u0441 \\u0437\\u0430\\u043a\\u0430\\u0437\\u0430\"]}}]"}}, {"model": "admin.logentry", "pk": 36, "fields": {"action_time": "2026-05-31T15:46:06.400Z", "user": 1, "content_type": 5, "object_id": "2", "object_repr": "Заказ #2 - +79291000000 - Иван", "action_flag": 2, "change_message": "[{\"changed\": {\"fields\": [\"\\u0421\\u0442\\u0430\\u0442\\u0443\\u0441 \\u0437\\u0430\\u043a\\u0430\\u0437\\u0430\"]}}]"}}, {"model": "admin.logentry", "pk": 37, "fields": {"action_time": "2026-05-31T15:46:12.356Z", "user": 1, "content_type": 5, "object_id": "3", "object_repr": "Заказ #3 - +79123456789 - Василий", "action_flag": 2, "change_message": "[{\"changed\": {\"fields\": [\"\\u0421\\u0442\\u0430\\u0442\\u0443\\u0441 \\u0437\\u0430\\u043a\\u0430\\u0437\\u0430\"]}}]"}}, {"model": "auth.permission", "pk": 1, "fields": {"name": "Can add товар", "content_type": 1, "codename": "add_product"}}, {"model": "auth.permission", "pk": 2, "fields": {"name": "Can change товар", "content_type": 1, "codename": "change_product"}}, {"model": "auth.permission", "pk": 3, "fields": {"name": "Can delete товар", "content_type": 1, "codename": "delete_product"}}, {"model": "auth.permission", "pk": 4, "fields": {"name": "Can view товар", "content_type": 1, "codename": "view_product"}}, {"model": "auth.permission", "pk": 5, "fields": {"name": "Can add ресторан", "content_type": 2, "codename": "add_restaurant"}}, {"model": "auth.permission", "pk": 6, "fields": {"name": "Can change ресторан", "content_type": 2, "codename": "change_restaurant"}}, {"model": "auth.permission", "pk": 7, "fields": {"name": "Can delete ресторан", "content_type": 2, "codename": "delete_restaurant"}}, {"model": "auth.permission", "pk": 8, "fields": {"name": "Can view ресторан", "content_type": 2, "codename": "view_restaurant"}}, {"model": "auth.permission", "pk": 9, "fields": {"name": "Can add пункт меню ресторана", "content_type": 3, "codename": "add_restaurantmenuitem"}}, {"model": "auth.permission", "pk": 10, "fields": {"name": "Can change пункт меню ресторана", "content_type": 3, "codename": "change_restaurantmenuitem"}}, {"model": "auth.permission", "pk": 11, "fields": {"name": "Can delete пункт меню ресторана", "content_type": 3, "codename": "delete_restaurantmenuitem"}}, {"model": "auth.permission", "pk": 12, "fields": {"name": "Can view пункт меню ресторана", "content_type": 3, "codename": "view_restaurantmenuitem"}}, {"model": "auth.permission", "pk": 13, "fields": {"name": "Can add категория", "content_type": 4, "codename": "add_productcategory"}}, {"model": "auth.permission", "pk": 14, "fields": {"name": "Can change категория", "content_type": 4, "codename": "change_productcategory"}}, {"model": "auth.permission", "pk": 15, "fields": {"name": "Can delete категория", "content_type": 4, "codename": "delete_productcategory"}}, {"model": "auth.permission", "pk": 16, "fields": {"name": "Can view категория", "content_type": 4, "codename": "view_productcategory"}}, {"model": "auth.permission", "pk": 17, "fields": {"name": "Can add Заказ", "content_type": 5, "codename": "add_order"}}, {"model": "auth.permission", "pk": 18, "fields": {"name": "Can change Заказ", "content_type": 5, "codename": "change_order"}}, {"model": "auth.permission", "pk": 19, "fields": {"name": "Can delete Заказ", "content_type": 5, "codename": "delete_order"}}, {"model": "auth.permission", "pk": 20, "fields": {"name": "Can view Заказ", "content_type": 5, "codename": "view_order"}}, {"model": "auth.permission", "pk": 21, "fields": {"name": "Can add Продукт в заказе", "content_type": 6, "codename": "add_orderproduct"}}, {"model": "auth.permission", "pk": 22, "fields": {"name": "Can change Продукт в заказе", "content_type": 6, "codename": "change_orderproduct"}}, {"model": "auth.permission", "pk": 23, "fields": {"name": "Can delete Продукт в заказе", "content_type": 6, "codename": "delete_orderproduct"}}, {"model": "auth.permission", "pk": 24, "fields": {"name": "Can view Продукт в заказе", "content_type": 6, "codename": "view_orderproduct"}}, {"model": "auth.permission", "pk": 25, "fields": {"name": "Can add log entry", "content_type": 7, "codename": "add_logentry"}}, {"model": "auth.permission", "pk": 26, "fields": {"name": "Can change log entry", "content_type": 7, "codename": "change_logentry"}}, {"model": "auth.permission", "pk": 27, "fields": {"name": "Can delete log entry", "content_type": 7, "codename": "delete_logentry"}}, {"model": "auth.permission", "pk": 28, "fields": {"name": "Can view log entry", "content_type": 7, "codename": "view_logentry"}}, {"model": "auth.permission", "pk": 29, "fields": {"name": "Can add permission", "content_type": 8, "codename": "add_permission"}}, {"model": "auth.permission", "pk": 30, "fields": {"name": "Can change permission", "content_type": 8, "codename": "change_permission"}}, {"model": "auth.permission", "pk": 31, "fields": {"name": "Can delete permission", "content_type": 8, "codename": "delete_permission"}}, {"model": "auth.permission", "pk": 32, "fields": {"name": "Can view permission", "content_type": 8, "codename": "view_permission"}}, {"model": "auth.permission", "pk": 33, "fields": {"name": "Can add group", "content_type": 9, "codename": "add_group"}}, {"model": "auth.permission", "pk": 34, "fields": {"name": "Can change group", "content_type": 9, "codename": "change_group"}}, {"model": "auth.permission", "pk": 35, "fields": {"name": "Can delete group", "content_type": 9, "codename": "delete_group"}}, {"model": "auth.permission", "pk": 36, "fields": {"name": "Can view group", "content_type": 9, "codename": "view_group"}}, {"model": "auth.permission", "pk": 37, "fields": {"name": "Can add user", "content_type": 10, "codename": "add_user"}}, {"model": "auth.permission", "pk": 38, "fields": {"name": "Can change user", "content_type": 10, "codename": "change_user"}}, {"model": "auth.permission", "pk": 39, "fields": {"name": "Can delete user", "content_type": 10, "codename": "delete_user"}}, {"model": "auth.permission", "pk": 40, "fields": {"name": "Can view user", "content_type": 10, "codename": "view_user"}}, {"model": "auth.permission", "pk": 41, "fields": {"name": "Can add content type", "content_type": 11, "codename": "add_contenttype"}}, {"model": "auth.permission", "pk": 42, "fields": {"name": "Can change content type", "content_type": 11, "codename": "change_contenttype"}}, {"model": "auth.permission", "pk": 43, "fields": {"name": "Can delete content type", "content_type": 11, "codename": "delete_contenttype"}}, {"model": "auth.permission", "pk": 44, "fields": {"name": "Can view content type", "content_type": 11, "codename": "view_contenttype"}}, {"model": "auth.permission", "pk": 45, "fields": {"name": "Can add session", "content_type": 12, "codename": "add_session"}}, {"model": "auth.permission", "pk": 46, "fields": {"name": "Can change session", "content_type": 12, "codename": "change_session"}}, {"model": "auth.permission", "pk": 47, "fields": {"name": "Can delete session", "content_type": 12, "codename": "delete_session"}}, {"model": "auth.permission", "pk": 48, "fields": {"name": "Can view session", "content_type": 12, "codename": "view_session"}}, {"model": "auth.permission", "pk": 49, "fields": {"name": "Can add Сохраненные координаты", "content_type": 13, "codename": "add_geopoint"}}, {"model": "auth.permission", "pk": 50, "fields": {"name": "Can change Сохраненные координаты", "content_type": 13, "codename": "change_geopoint"}}, {"model": "auth.permission", "pk": 51, "fields": {"name": "Can delete Сохраненные координаты", "content_type": 13, "codename": "delete_geopoint"}}, {"model": "auth.permission", "pk": 52, "fields": {"name": "Can view Сохраненные координаты", "content_type": 13, "codename": "view_geopoint"}}, {"model": "auth.user", "pk": 1, "fields": {"password": "pbkdf2_sha256$1000000$Q2Koknfhcf1HmUY8BGq7WX$ODOY6DsPD5UdWpnmibYgnauI4x4Uog34nzlfyJqykvw=", "last_login": "2026-05-27T16:00:23.110Z", "is_superuser": true, "username": "klol1k", "first_name": "", "last_name": "", "email": "procuilya@yandex.ru", "is_staff": true, "is_active": true, "date_joined": "2026-05-27T16:00:16.565Z", "groups": [], "user_permissions": []}}, {"model": "contenttypes.contenttype", "pk": 1, "fields": {"app_label": "foodcartapp", "model": "product"}}, {"model": "contenttypes.contenttype", "pk": 2, "fields": {"app_label": "foodcartapp", "model": "restaurant"}}, {"model": "contenttypes.contenttype", "pk": 3, "fields": {"app_label": "foodcartapp", "model": "restaurantmenuitem"}}, {"model": "contenttypes.contenttype", "pk": 4, "fields": {"app_label": "foodcartapp", "model": "productcategory"}}, {"model": "contenttypes.contenttype", "pk": 5, "fields": {"app_label": "foodcartapp", "model": "order"}}, {"model": "contenttypes.contenttype", "pk": 6, "fields": {"app_label": "foodcartapp", "model": "orderproduct"}}, {"model": "contenttypes.contenttype", "pk": 7, "fields": {"app_label": "admin", "model": "logentry"}}, {"model": "contenttypes.contenttype", "pk": 8, "fields": {"app_label": "auth", "model": "permission"}}, {"model": "contenttypes.contenttype", "pk": 9, "fields": {"app_label": "auth", "model": "group"}}, {"model": "contenttypes.contenttype", "pk": 10, "fields": {"app_label": "auth", "model": "user"}}, {"model": "contenttypes.contenttype", "pk": 11, "fields": {"app_label": "contenttypes", "model": "contenttype"}}, {"model": "contenttypes.contenttype", "pk": 12, "fields": {"app_label": "sessions", "model": "session"}}, {"model": "contenttypes.contenttype", "pk": 13, "fields": {"app_label": "geocacheapp", "model": "geopoint"}}, {"model": "sessions.session", "pk": "iyeh7vpj2hmh15hithj9v9wsqzqe5iws", "fields": {"session_data": ".eJxVjDsOgzAQRO_iOrLwDy8p03MGy95dxySRkTBUUe4ekCiScua9mbcIcVtL2BovYSJxFUpcfrsU8cn1APSI9T5LnOu6TEkeijxpk-NM_Lqd7t9Bia3sawDWZDsmUGx9D8oZgpzJgFHaamWGXuk9uxyxQ4JI3liTNJNDDwOKzxfVhDfi:1wSGgB:E8xIgUTGi4CIk34QYG6MUks509wvGk4GoaK032GACoc", "expire_date": "2026-06-10T16:00:23.133Z"}}, {"model": "geocacheapp.geopoint", "pk": 1, "fields": {"address": "Москва, Цветной бульвар, 11с2", "lon": 37.620429, "lat": 55.770076, "last_updated": "2026-05-31T20:26:45.194Z"}}, {"model": "geocacheapp.geopoint", "pk": 2, "fields": {"address": "Москва, Капотня, 3 квартал, дом 12", "lon": 37.793957, "lat": 55.637179, "last_updated": "2026-05-31T20:26:45.194Z"}}, {"model": "geocacheapp.geopoint", "pk": 3, "fields": {"address": "Москва, ул. Новый Арбат, 15", "lon": 37.593066, "lat": 55.751933, "last_updated": "2026-05-31T20:26:45.194Z"}}, {"model": "geocacheapp.geopoint", "pk": 4, "fields": {"address": "Лондон", "lon": -0.127696, "lat": 51.507351, "last_updated": "2026-05-31T20:26:45.194Z"}}, {"model": "geocacheapp.geopoint", "pk": 5, "fields": {"address": "Москва, пл. Киевского Вокзала, 2", "lon": 37.566072, "lat": 55.744637, "last_updated": "2026-05-31T20:26:45.194Z"}}, {"model": "geocacheapp.geopoint", "pk": 6, "fields": {"address": "Дзержинский, улица Ленина, дом 18", "lon": 37.845888, "lat": 55.632637, "last_updated": "2026-05-31T20:31:35.562Z"}}, {"model": "geocacheapp.geopoint", "pk": 7, "fields": {"address": "Где-то там далеко далеко есть земля", "lon": null, "lat": null, "last_updated": "2026-06-03T18:18:34.173Z"}}]